{
  "model": "iTransformer",
  "purpose": "比较流感历史、气象、搜索指数三类数据源对预测效果的贡献。",
  "interpretation_note": "当前研究口径已切换为国家流感中心北方省份真实周度监测序列。若输入数据仍未完成 PDF 解析或搜索指数聚合，消融结果应先作为数据迁移阶段结果解读。",
  "experiments": [
    {
      "name": "flu_only",
      "label": "仅流感历史",
      "description": "目标序列、阳性率、季节项、滞后项和滚动统计。",
      "feature_count": 13,
      "feature_cols": [
        "ili_rate",
        "week_sin",
        "week_cos",
        "month_sin",
        "month_cos",
        "is_flu_season",
        "ili_rate_lag1",
        "ili_rate_lag2",
        "ili_rate_lag4",
        "ili_rate_roll_mean_4",
        "ili_rate_roll_std_4",
        "ili_rate_roll_mean_8",
        "ili_rate_roll_std_8"
      ],
      "best_epoch": 19,
      "best_val_loss": 0.049970634281635284,
      "metrics": {
        "RMSE": 0.979362964630127,
        "MAE": 0.6024242043495178,
        "MAPE": 13.576431572437286,
        "R2": 0.45071887969970703,
        "peak_hit_rate": 0.35,
        "peak_value_error": 2.6713643074035645
      },
      "horizon_metrics": {
        "H1_RMSE": 0.714451253414154,
        "H1_MAE": 0.48833155632019043,
        "H1_MAPE": 11.697155982255936,
        "H2_RMSE": 0.8858472108840942,
        "H2_MAE": 0.5515187382698059,
        "H2_MAPE": 12.428083270788193,
        "H3_RMSE": 1.0444878339767456,
        "H3_MAE": 0.6412321329116821,
        "H3_MAPE": 14.22118991613388,
        "H4_RMSE": 1.2043615579605103,
        "H4_MAE": 0.7286142110824585,
        "H4_MAPE": 15.959298610687256
      }
    },
    {
      "name": "flu_weather",
      "label": "流感+气象",
      "description": "在流感历史特征基础上加入温度、湿度、风速、气压和气象交互项。",
      "feature_count": 20,
      "feature_cols": [
        "ili_rate",
        "temperature",
        "humidity",
        "wind_speed",
        "pressure",
        "week_sin",
        "week_cos",
        "month_sin",
        "month_cos",
        "is_flu_season",
        "ili_rate_lag1",
        "ili_rate_lag2",
        "ili_rate_lag4",
        "ili_rate_roll_mean_4",
        "ili_rate_roll_std_4",
        "ili_rate_roll_mean_8",
        "ili_rate_roll_std_8",
        "temp_humidity_interaction",
        "comfort_index",
        "wind_chill"
      ],
      "best_epoch": 10,
      "best_val_loss": 0.04810645431280136,
      "metrics": {
        "RMSE": 0.9805673360824585,
        "MAE": 0.621031641960144,
        "MAPE": 14.354033768177032,
        "R2": 0.44936710596084595,
        "peak_hit_rate": 0.375,
        "peak_value_error": 1.5330314636230469
      },
      "horizon_metrics": {
        "H1_RMSE": 0.6901761889457703,
        "H1_MAE": 0.4748294949531555,
        "H1_MAPE": 11.389994621276855,
        "H2_RMSE": 0.8988959193229675,
        "H2_MAE": 0.6044375896453857,
        "H2_MAPE": 14.589579403400421,
        "H3_RMSE": 1.0765732526779175,
        "H3_MAE": 0.6568613648414612,
        "H3_MAPE": 14.538981020450592,
        "H4_RMSE": 1.1843489408493042,
        "H4_MAE": 0.7479982972145081,
        "H4_MAPE": 16.897578537464142
      }
    },
    {
      "name": "flu_search",
      "label": "流感+搜索",
      "description": "在流感历史特征基础上加入百度指数及其变化率、加速度。",
      "feature_count": 22,
      "feature_cols": [
        "ili_rate",
        "flu_search_index",
        "cold_search_index",
        "fever_search_index",
        "week_sin",
        "week_cos",
        "month_sin",
        "month_cos",
        "is_flu_season",
        "ili_rate_lag1",
        "ili_rate_lag2",
        "ili_rate_lag4",
        "ili_rate_roll_mean_4",
        "ili_rate_roll_std_4",
        "ili_rate_roll_mean_8",
        "ili_rate_roll_std_8",
        "flu_search_index_pct_change",
        "flu_search_index_acceleration",
        "cold_search_index_pct_change",
        "cold_search_index_acceleration",
        "fever_search_index_pct_change",
        "fever_search_index_acceleration"
      ],
      "best_epoch": 9,
      "best_val_loss": 0.05036950414068997,
      "metrics": {
        "RMSE": 1.0167851448059082,
        "MAE": 0.6140350699424744,
        "MAPE": 13.377045094966888,
        "R2": 0.4079400897026062,
        "peak_hit_rate": 0.3,
        "peak_value_error": 2.268749237060547
      },
      "horizon_metrics": {
        "H1_RMSE": 0.7689997553825378,
        "H1_MAE": 0.4856381118297577,
        "H1_MAPE": 10.512228310108185,
        "H2_RMSE": 0.9449450969696045,
        "H2_MAE": 0.5721393823623657,
        "H2_MAPE": 12.195806205272675,
        "H3_RMSE": 1.065339207649231,
        "H3_MAE": 0.6530962586402893,
        "H3_MAPE": 14.66100811958313,
        "H4_RMSE": 1.2313318252563477,
        "H4_MAE": 0.7452664971351624,
        "H4_MAPE": 16.139131784439087
      }
    },
    {
      "name": "all_sources",
      "label": "三源融合",
      "description": "同时使用流感、气象和搜索指数特征。",
      "feature_count": 29,
      "feature_cols": [
        "ili_rate",
        "temperature",
        "humidity",
        "wind_speed",
        "pressure",
        "flu_search_index",
        "cold_search_index",
        "fever_search_index",
        "week_sin",
        "week_cos",
        "month_sin",
        "month_cos",
        "is_flu_season",
        "ili_rate_lag1",
        "ili_rate_lag2",
        "ili_rate_lag4",
        "ili_rate_roll_mean_4",
        "ili_rate_roll_std_4",
        "ili_rate_roll_mean_8",
        "ili_rate_roll_std_8",
        "temp_humidity_interaction",
        "comfort_index",
        "wind_chill",
        "flu_search_index_pct_change",
        "flu_search_index_acceleration",
        "cold_search_index_pct_change",
        "cold_search_index_acceleration",
        "fever_search_index_pct_change",
        "fever_search_index_acceleration"
      ],
      "best_epoch": 12,
      "best_val_loss": 0.04999776789918542,
      "metrics": {
        "RMSE": 0.9943245053291321,
        "MAE": 0.5916123390197754,
        "MAPE": 13.038329780101776,
        "R2": 0.4338081479072571,
        "peak_hit_rate": 0.3,
        "peak_value_error": 2.356917381286621
      },
      "horizon_metrics": {
        "H1_RMSE": 0.7463623881340027,
        "H1_MAE": 0.4459449350833893,
        "H1_MAPE": 9.524700045585632,
        "H2_RMSE": 0.9024010896682739,
        "H2_MAE": 0.5469148755073547,
        "H2_MAPE": 12.052972614765167,
        "H3_RMSE": 1.0541480779647827,
        "H3_MAE": 0.6538123488426208,
        "H3_MAPE": 14.972242712974548,
        "H4_RMSE": 1.2133063077926636,
        "H4_MAE": 0.7197771668434143,
        "H4_MAPE": 15.603405237197876
      }
    }
  ]
}