experiment,label,feature_count,best_epoch,best_val_loss,RMSE,MAE,MAPE,R2,peak_hit_rate,peak_time_offset,peak_value_error
flu_only,仅流感历史,13,13,0.06089075421914458,0.7609453797340393,0.48823386430740356,11.455793678760529,0.5515434145927429,0.325,201.0,0.6820740699768066
flu_weather,流感+气象,20,10,0.059335611294955015,0.7671434879302979,0.5066640973091125,12.239644676446915,0.5442081093788147,0.4,202.0,0.19159317016601562
flu_search,流感+搜索,22,14,0.06002948526293039,0.7879891991615295,0.49670904874801636,11.443959921598434,0.5191009640693665,0.35,202.0,0.7318410873413086
all_sources,三源融合,29,12,0.060007115826010704,0.7703153491020203,0.49071943759918213,11.513645201921463,0.5404312312602997,0.3,202.0,0.7040491104125977
