{
  "model": "iTransformer",
  "purpose": "比较流感历史、气象、搜索指数三类数据源对预测效果的贡献。",
  "interpretation_note": "当前研究口径已切换为国家流感中心北方省份真实周度监测序列。若输入数据仍未完成 PDF 解析或搜索指数聚合，消融结果应先作为数据迁移阶段结果解读。",
  "experiments": [
    {
      "name": "flu_only",
      "label": "仅流感历史",
      "description": "目标序列、阳性率、季节项、滞后项和滚动统计。",
      "feature_count": 13,
      "feature_cols": [
        "ili_rate",
        "week_sin",
        "week_cos",
        "month_sin",
        "month_cos",
        "is_flu_season",
        "ili_rate_lag1",
        "ili_rate_lag2",
        "ili_rate_lag4",
        "ili_rate_roll_mean_4",
        "ili_rate_roll_std_4",
        "ili_rate_roll_mean_8",
        "ili_rate_roll_std_8"
      ],
      "best_epoch": 13,
      "best_val_loss": 0.06089075421914458,
      "metrics": {
        "RMSE": 0.7609453797340393,
        "MAE": 0.48823386430740356,
        "MAPE": 11.455793678760529,
        "R2": 0.5515434145927429,
        "peak_hit_rate": 0.325,
        "peak_time_offset": 201.0,
        "peak_value_error": 0.6820740699768066
      },
      "horizon_metrics": {
        "H1_RMSE": 0.523135781288147,
        "H1_MAE": 0.35788294672966003,
        "H1_MAPE": 8.717355877161026,
        "H2_RMSE": 0.6959704756736755,
        "H2_MAE": 0.4592263698577881,
        "H2_MAPE": 10.788286477327347,
        "H3_RMSE": 0.8344720602035522,
        "H3_MAE": 0.5320492386817932,
        "H3_MAPE": 12.209343165159225,
        "H4_RMSE": 0.9283113479614258,
        "H4_MAE": 0.6037771105766296,
        "H4_MAPE": 14.108189940452576
      }
    },
    {
      "name": "flu_weather",
      "label": "流感+气象",
      "description": "在流感历史特征基础上加入温度、湿度、风速、气压和气象交互项。",
      "feature_count": 20,
      "feature_cols": [
        "ili_rate",
        "week_sin",
        "week_cos",
        "month_sin",
        "month_cos",
        "is_flu_season",
        "ili_rate_lag1",
        "ili_rate_lag2",
        "ili_rate_lag4",
        "ili_rate_roll_mean_4",
        "ili_rate_roll_std_4",
        "ili_rate_roll_mean_8",
        "ili_rate_roll_std_8",
        "temperature",
        "humidity",
        "wind_speed",
        "pressure",
        "temp_humidity_interaction",
        "comfort_index",
        "wind_chill"
      ],
      "best_epoch": 10,
      "best_val_loss": 0.059335611294955015,
      "metrics": {
        "RMSE": 0.7671434879302979,
        "MAE": 0.5066640973091125,
        "MAPE": 12.239644676446915,
        "R2": 0.5442081093788147,
        "peak_hit_rate": 0.4,
        "peak_time_offset": 202.0,
        "peak_value_error": 0.19159317016601562
      },
      "horizon_metrics": {
        "H1_RMSE": 0.5132662653923035,
        "H1_MAE": 0.3612816631793976,
        "H1_MAPE": 9.19950008392334,
        "H2_RMSE": 0.6744589805603027,
        "H2_MAE": 0.4680921137332916,
        "H2_MAPE": 11.852561682462692,
        "H3_RMSE": 0.8344810009002686,
        "H3_MAE": 0.553061842918396,
        "H3_MAPE": 13.002555072307587,
        "H4_RMSE": 0.9691959619522095,
        "H4_MAE": 0.6442207098007202,
        "H4_MAPE": 14.9039626121521
      }
    },
    {
      "name": "flu_search",
      "label": "流感+搜索",
      "description": "在流感历史特征基础上加入百度指数及其变化率、加速度。",
      "feature_count": 22,
      "feature_cols": [
        "ili_rate",
        "week_sin",
        "week_cos",
        "month_sin",
        "month_cos",
        "is_flu_season",
        "ili_rate_lag1",
        "ili_rate_lag2",
        "ili_rate_lag4",
        "ili_rate_roll_mean_4",
        "ili_rate_roll_std_4",
        "ili_rate_roll_mean_8",
        "ili_rate_roll_std_8",
        "flu_search_index",
        "cold_search_index",
        "fever_search_index",
        "flu_search_index_pct_change",
        "flu_search_index_acceleration",
        "cold_search_index_pct_change",
        "cold_search_index_acceleration",
        "fever_search_index_pct_change",
        "fever_search_index_acceleration"
      ],
      "best_epoch": 14,
      "best_val_loss": 0.06002948526293039,
      "metrics": {
        "RMSE": 0.7879891991615295,
        "MAE": 0.49670904874801636,
        "MAPE": 11.443959921598434,
        "R2": 0.5191009640693665,
        "peak_hit_rate": 0.35,
        "peak_time_offset": 202.0,
        "peak_value_error": 0.7318410873413086
      },
      "horizon_metrics": {
        "H1_RMSE": 0.5270876884460449,
        "H1_MAE": 0.34853115677833557,
        "H1_MAPE": 8.227913826704025,
        "H2_RMSE": 0.6947637796401978,
        "H2_MAE": 0.45263171195983887,
        "H2_MAPE": 10.628338158130646,
        "H3_RMSE": 0.8472916483879089,
        "H3_MAE": 0.537255048751831,
        "H3_MAPE": 12.232901901006699,
        "H4_RMSE": 1.0026397705078125,
        "H4_MAE": 0.6484183669090271,
        "H4_MAPE": 14.686684310436249
      }
    },
    {
      "name": "all_sources",
      "label": "三源融合",
      "description": "同时使用流感、气象和搜索指数特征。",
      "feature_count": 29,
      "feature_cols": [
        "ili_rate",
        "week_sin",
        "week_cos",
        "month_sin",
        "month_cos",
        "is_flu_season",
        "ili_rate_lag1",
        "ili_rate_lag2",
        "ili_rate_lag4",
        "ili_rate_roll_mean_4",
        "ili_rate_roll_std_4",
        "ili_rate_roll_mean_8",
        "ili_rate_roll_std_8",
        "temperature",
        "humidity",
        "wind_speed",
        "pressure",
        "temp_humidity_interaction",
        "comfort_index",
        "wind_chill",
        "flu_search_index",
        "cold_search_index",
        "fever_search_index",
        "flu_search_index_pct_change",
        "flu_search_index_acceleration",
        "cold_search_index_pct_change",
        "cold_search_index_acceleration",
        "fever_search_index_pct_change",
        "fever_search_index_acceleration"
      ],
      "best_epoch": 12,
      "best_val_loss": 0.060007115826010704,
      "metrics": {
        "RMSE": 0.7703153491020203,
        "MAE": 0.49071943759918213,
        "MAPE": 11.513645201921463,
        "R2": 0.5404312312602997,
        "peak_hit_rate": 0.3,
        "peak_time_offset": 202.0,
        "peak_value_error": 0.7040491104125977
      },
      "horizon_metrics": {
        "H1_RMSE": 0.5256159901618958,
        "H1_MAE": 0.3510371446609497,
        "H1_MAPE": 8.383648842573166,
        "H2_RMSE": 0.6771211624145508,
        "H2_MAE": 0.45892298221588135,
        "H2_MAPE": 11.229594051837921,
        "H3_RMSE": 0.8249124884605408,
        "H3_MAE": 0.5354686379432678,
        "H3_MAPE": 12.567147612571716,
        "H4_RMSE": 0.978926420211792,
        "H4_MAE": 0.6174488663673401,
        "H4_MAPE": 13.874191045761108
      }
    }
  ]
}