{
  "iTransformer": {
    "H1_RMSE": 0.5254172086715698,
    "H1_MAE": 0.35091233253479004,
    "H1_MAPE": 8.382338285446167,
    "H2_RMSE": 0.6760343909263611,
    "H2_MAE": 0.4594450891017914,
    "H2_MAPE": 11.274971812963486,
    "H3_RMSE": 0.8277955651283264,
    "H3_MAE": 0.5345906019210815,
    "H3_MAPE": 12.478993088006973,
    "H4_RMSE": 0.9826518893241882,
    "H4_MAE": 0.6192878484725952,
    "H4_MAPE": 13.888755440711975
  },
  "LSTM": {
    "H1_RMSE": 1.3578989505767822,
    "H1_MAE": 0.8809760212898254,
    "H1_MAPE": 18.860651552677155,
    "H2_RMSE": 1.3622167110443115,
    "H2_MAE": 0.8801928162574768,
    "H2_MAPE": 18.811507523059845,
    "H3_RMSE": 1.3663886785507202,
    "H3_MAE": 0.8789175152778625,
    "H3_MAPE": 18.82352977991104,
    "H4_RMSE": 1.3757946491241455,
    "H4_MAE": 0.8797013163566589,
    "H4_MAPE": 18.732132017612457
  },
  "DLinear": {
    "H1_RMSE": 0.874173641204834,
    "H1_MAE": 0.5951093435287476,
    "H1_MAPE": 13.545440137386322,
    "H2_RMSE": 0.9877839088439941,
    "H2_MAE": 0.6689103841781616,
    "H2_MAPE": 15.192300081253052,
    "H3_RMSE": 1.0834089517593384,
    "H3_MAE": 0.7333837151527405,
    "H3_MAPE": 16.597862541675568,
    "H4_RMSE": 1.1584476232528687,
    "H4_MAE": 0.779300332069397,
    "H4_MAPE": 17.57381558418274
  },
  "ARIMA": {
    "H1_RMSE": 0.5667717089312542,
    "H1_MAE": 0.3464451282269,
    "H1_MAPE": 7.920919572057319,
    "H2_RMSE": 0.8666993392657981,
    "H2_MAE": 0.5126557534725138,
    "H2_MAPE": 11.267364446659785,
    "H3_RMSE": 1.0977669926788733,
    "H3_MAE": 0.6377661077048686,
    "H3_MAPE": 13.519179281030446,
    "H4_RMSE": 1.2498498932621585,
    "H4_MAE": 0.7099759822503688,
    "H4_MAPE": 14.783600352136894
  }
}