{
  "iTransformer": {
    "H1_RMSE": 0.7463623881340027,
    "H1_MAE": 0.4459449350833893,
    "H1_MAPE": 9.524700045585632,
    "H2_RMSE": 0.9024010896682739,
    "H2_MAE": 0.5469148755073547,
    "H2_MAPE": 12.052972614765167,
    "H3_RMSE": 1.0541480779647827,
    "H3_MAE": 0.6538123488426208,
    "H3_MAPE": 14.972242712974548,
    "H4_RMSE": 1.2133063077926636,
    "H4_MAE": 0.7197771668434143,
    "H4_MAPE": 15.603405237197876
  },
  "LSTM": {
    "H1_RMSE": 1.6540606021881104,
    "H1_MAE": 1.060096025466919,
    "H1_MAPE": 22.03717976808548,
    "H2_RMSE": 1.5620901584625244,
    "H2_MAE": 0.9454550743103027,
    "H2_MAPE": 19.255872070789337,
    "H3_RMSE": 1.5507780313491821,
    "H3_MAE": 0.9334505200386047,
    "H3_MAPE": 19.075223803520203,
    "H4_RMSE": 1.6366710662841797,
    "H4_MAE": 1.0171867609024048,
    "H4_MAPE": 20.881518721580505
  },
  "DLinear": {
    "H1_RMSE": 1.213060736656189,
    "H1_MAE": 0.7634198069572449,
    "H1_MAPE": 16.509908437728882,
    "H2_RMSE": 1.2831556797027588,
    "H2_MAE": 0.8058627843856812,
    "H2_MAPE": 17.391708493232727,
    "H3_RMSE": 1.3332161903381348,
    "H3_MAE": 0.8342580199241638,
    "H3_MAPE": 17.963699996471405,
    "H4_RMSE": 1.383371353149414,
    "H4_MAE": 0.8537595272064209,
    "H4_MAPE": 18.242177367210388
  },
  "ARIMA": {
    "H1_RMSE": 0.5658373830532683,
    "H1_MAE": 0.34563959483729106,
    "H1_MAPE": 7.909770638161592,
    "H2_RMSE": 0.8648806911408408,
    "H2_MAE": 0.5116599070133462,
    "H2_MAPE": 11.255680430601133,
    "H3_RMSE": 1.0960929493252347,
    "H3_MAE": 0.6366296181489585,
    "H3_MAPE": 13.49627532685892,
    "H4_RMSE": 1.2483313524308999,
    "H4_MAE": 0.7084847255601449,
    "H4_MAPE": 14.747862610461668
  }
}